sheet,row,col,value
Blanks,457,O,0.0454862
Blanks,457,P,0.00191573
Blanks,457,Q,247.688
Blanks,457,R,1.07986
Blanks,457,S,72.6884
Blanks,457,T,3774.8
Blanks,457,U,223.629
Blanks,457,V,39.9962
Blanks,457,W,0.00107991
Blanks,457,X,594.152
Blanks,457,Y,192.878
Blanks,457,Z,818.874
Blanks,457,AA,947.686
Blanks,457,AB,948.973
Blanks,457,AC,0.00282227
Blanks,457,AD,3670.15
Blanks,457,AE,1438.67
Blanks,457,AF,544.541
Blanks,457,AG,0.47795
Blanks,457,AH,16.8729
Blanks,457,AI,201.164
Blanks,457,AJ,18.9483
Blanks,457,AK,157.229
Blanks,457,AL,235.717
Blanks,457,AM,90.5431
Blanks,457,AN,85.7953
