variable	samples	R2	p_value	q_value
co2	22	0.117482039929941	0.001	0.00363157894736842
cr_s	27	0.111092234043635	0.001	0.00363157894736842
ni_s	27	0.108915812033726	0.001	0.00363157894736842
dic_d13	26	0.0992805844800571	0.001	0.00363157894736842
doc_d13	26	0.0982935605988017	0.001	0.00363157894736842
temp	30	0.0978163624707875	0.001	0.00363157894736842
k	29	0.0957980582980233	0.001	0.00363157894736842
trench	32	0.0859908681888438	0.001	0.00363157894736842
ph	30	0.0832810590709457	0.001	0.00363157894736842
geol_prov	32	0.0829944145933413	0.001	0.00363157894736842
mg	29	0.0828187962873304	0.001	0.00363157894736842
fe_s	27	0.0814547926602159	0.001	0.00363157894736842
lat	32	0.0807376739174653	0.001	0.00363157894736842
al_s	27	0.079298536041546	0.001	0.00363157894736842
li	29	0.0747001666802082	0.001	0.00363157894736842
long	32	0.0745248149594948	0.001	0.00363157894736842
lat_proj	32	0.0742700234963369	0.001	0.00363157894736842
na	29	0.0734981142367367	0.001	0.00363157894736842
po4	29	0.0719672139682545	0.001	0.00363157894736842
o2	22	0.0753927442679041	0.002	0.00575
ag_s	27	0.0719750826501004	0.002	0.00575
cu_s	27	0.0712215616849194	0.002	0.00575
f	29	0.0694809014151966	0.002	0.00575
cu_ac	29	0.0638309980043388	0.002	0.00575
cr_ac	29	0.0457999938996379	0.003	0.00828
rc_ra	23	0.0857493101854758	0.004	0.0106153846153846
br	29	0.0594638383747642	0.005	0.0127777777777778
si	23	0.0810875874871394	0.006	0.0138
doc	26	0.0709733286720135	0.006	0.0138
ni_ac	29	0.0641611191207164	0.006	0.0138
dic	26	0.0695380330738342	0.007	0.0155806451612903
co2_he3	20	0.0999557788722607	0.01	0.0215625
ah	27	0.0625009393980235	0.014	0.0292727272727273
cells_flu	25	0.064436862476923	0.018	0.0365294117647059
cho	22	0.0786475174916131	0.019	0.0374571428571429
ch4	22	0.0779823996987469	0.022	0.0421666666666667
zn_s	27	0.0605690539067114	0.031	0.0562894736842105
nh4	29	0.0534607605936036	0.031	0.0562894736842105
cd_s	27	0.0574311176672328	0.04	0.0707692307692308
feo	25	0.0622851441338542	0.045	0.077625
cl	29	0.0462350831311292	0.048	0.0807804878048781
co2_d13	14	0.115419362049276	0.059	0.0946744186046512
ca	29	0.0468991790991359	0.059	0.0946744186046512
cha	25	0.0564165163649522	0.068	0.106636363636364
lip	25	0.057561855877244	0.076	0.116533333333333
tc	30	0.0454676027030191	0.084	0.126
tc_d13	30	0.0453252460383198	0.092	0.135063829787234
alt	28	0.0458135483186644	0.094	0.135125
hi_pah	27	0.0459952914702698	0.108	0.152081632653061
no3	29	0.0460296782623147	0.112	0.15456
mn_ac	29	0.0437892972318323	0.142	0.192117647058824
cpe	25	0.0491350455894471	0.156	0.207
do	30	0.0417172925380771	0.16	0.208301886792453
al_ac	29	0.0405384260248998	0.168	0.214666666666667
pah	27	0.0433765594217521	0.175	0.219545454545455
zn_ac	29	0.0380622762128963	0.194	0.239035714285714
co_ac	29	0.0382184580256542	0.224	0.271157894736842
toc	30	0.0398442182544787	0.229	0.272431034482759
prot	25	0.0488517851504731	0.238	0.278338983050847
h2s	19	0.0562178205358458	0.399	0.451327868852459
cd_ac	29	0.0364972959019933	0.393	0.451327868852459
mn_s	27	0.0390691291354824	0.427	0.467666666666667
toc_d13	30	0.0354762638858639	0.424	0.467666666666667
spc	30	0.0347099083550956	0.446	0.48084375
so4	29	0.0349657608990372	0.627	0.663863636363636
ag_ac	29	0.0349202875065628	0.635	0.663863636363636
h2	22	0.0458858067616719	0.678	0.698238805970149
fe_ac	29	0.0340349863062372	0.699	0.709279411764706
low_pah	27	0.0303806674752917	0.922	0.922
