clique	size	variable
1	3	lat
1	3	long
1	3	trench
1	3	lat_proj
1	3	geol_prov
1	3	alt
1	3	temp
1	3	do
1	3	spc
1	3	ph
1	3	dic
1	3	dic_d13
1	3	doc
1	3	doc_d13
1	3	toc
1	3	toc_d13
1	3	tc
1	3	tc_d13
1	3	co2
1	3	h2
1	3	o2
1	3	ch4
1	3	co2_d13
1	3	rc_ra
1	3	co2_he3
1	3	cells_flu
1	3	low_pah
1	3	hi_pah
1	3	pah
1	3	ah
1	3	prot
1	3	cho
1	3	lip
1	3	cha
1	3	feo
1	3	cpe
1	3	al_ac
1	3	cr_ac
1	3	mn_ac
1	3	fe_ac
1	3	ni_ac
1	3	cu_ac
1	3	zn_ac
1	3	cd_ac
1	3	ag_ac
1	3	co_ac
1	3	f
1	3	cl
1	3	so4
1	3	h2s
1	3	br
1	3	no3
1	3	po4
1	3	li
1	3	na
1	3	nh4
1	3	k
1	3	mg
1	3	ca
1	3	si
1	3	al_s
1	3	cr_s
1	3	mn_s
1	3	fe_s
1	3	ni_s
1	3	cu_s
1	3	zn_s
1	3	cd_s
1	3	ag_s
2	3	lat
2	3	long
2	3	trench
2	3	lat_proj
2	3	geol_prov
2	3	alt
2	3	temp
2	3	do
2	3	spc
2	3	ph
2	3	dic
2	3	dic_d13
2	3	doc
2	3	doc_d13
2	3	toc
2	3	toc_d13
2	3	tc
2	3	tc_d13
2	3	co2
2	3	h2
2	3	o2
2	3	ch4
2	3	co2_d13
2	3	rc_ra
2	3	co2_he3
2	3	cells_flu
2	3	low_pah
2	3	hi_pah
2	3	pah
2	3	ah
2	3	prot
2	3	cho
2	3	lip
2	3	cha
2	3	feo
2	3	cpe
2	3	al_ac
2	3	cr_ac
2	3	mn_ac
2	3	fe_ac
2	3	ni_ac
2	3	cu_ac
2	3	zn_ac
2	3	cd_ac
2	3	ag_ac
2	3	co_ac
2	3	f
2	3	cl
2	3	so4
2	3	h2s
2	3	br
2	3	no3
2	3	po4
2	3	li
2	3	na
2	3	nh4
2	3	k
2	3	mg
2	3	ca
2	3	si
2	3	al_s
2	3	cr_s
2	3	mn_s
2	3	fe_s
2	3	ni_s
2	3	cu_s
2	3	zn_s
2	3	cd_s
2	3	ag_s
3	3	lat
3	3	long
3	3	trench
3	3	lat_proj
3	3	geol_prov
3	3	alt
3	3	temp
3	3	do
3	3	spc
3	3	ph
3	3	dic
3	3	dic_d13
3	3	doc
3	3	doc_d13
3	3	toc
3	3	toc_d13
3	3	tc
3	3	tc_d13
3	3	co2
3	3	h2
3	3	o2
3	3	ch4
3	3	co2_d13
3	3	rc_ra
3	3	co2_he3
3	3	cells_flu
3	3	low_pah
3	3	hi_pah
3	3	pah
3	3	ah
3	3	prot
3	3	cho
3	3	lip
3	3	cha
3	3	feo
3	3	cpe
3	3	al_ac
3	3	cr_ac
3	3	mn_ac
3	3	fe_ac
3	3	ni_ac
3	3	cu_ac
3	3	zn_ac
3	3	cd_ac
3	3	ag_ac
3	3	co_ac
3	3	f
3	3	cl
3	3	so4
3	3	h2s
3	3	br
3	3	no3
3	3	po4
3	3	li
3	3	na
3	3	nh4
3	3	k
3	3	mg
3	3	ca
3	3	si
3	3	al_s
3	3	cr_s
3	3	mn_s
3	3	fe_s
3	3	ni_s
3	3	cu_s
3	3	zn_s
3	3	cd_s
3	3	ag_s
4	3	lat
4	3	long
4	3	trench
4	3	lat_proj
4	3	geol_prov
4	3	alt
4	3	temp
4	3	do
4	3	spc
4	3	ph
4	3	dic
4	3	dic_d13
4	3	doc
4	3	doc_d13
4	3	toc
4	3	toc_d13
4	3	tc
4	3	tc_d13
4	3	co2
4	3	h2
4	3	o2
4	3	ch4
4	3	co2_d13
4	3	rc_ra
4	3	co2_he3
4	3	cells_flu
4	3	low_pah
4	3	hi_pah
4	3	pah
4	3	ah
4	3	prot
4	3	cho
4	3	lip
4	3	cha
4	3	feo
4	3	cpe
4	3	al_ac
4	3	cr_ac
4	3	mn_ac
4	3	fe_ac
4	3	ni_ac
4	3	cu_ac
4	3	zn_ac
4	3	cd_ac
4	3	ag_ac
4	3	co_ac
4	3	f
4	3	cl
4	3	so4
4	3	h2s
4	3	br
4	3	no3
4	3	po4
4	3	li
4	3	na
4	3	nh4
4	3	k
4	3	mg
4	3	ca
4	3	si
4	3	al_s
4	3	cr_s
4	3	mn_s
4	3	fe_s
4	3	ni_s
4	3	cu_s
4	3	zn_s
4	3	cd_s
4	3	ag_s
5	4	lat
5	4	long
5	4	trench
5	4	lat_proj
5	4	geol_prov
5	4	alt
5	4	temp
5	4	do
5	4	spc
5	4	ph
5	4	dic
5	4	dic_d13
5	4	doc
5	4	doc_d13
5	4	toc
5	4	toc_d13
5	4	tc
5	4	tc_d13
5	4	co2
5	4	h2
5	4	o2
5	4	ch4
5	4	co2_d13
5	4	rc_ra
5	4	co2_he3
5	4	cells_flu
5	4	low_pah
5	4	hi_pah
5	4	pah
5	4	ah
5	4	prot
5	4	cho
5	4	lip
5	4	cha
5	4	feo
5	4	cpe
5	4	al_ac
5	4	cr_ac
5	4	mn_ac
5	4	fe_ac
5	4	ni_ac
5	4	cu_ac
5	4	zn_ac
5	4	cd_ac
5	4	ag_ac
5	4	co_ac
5	4	f
5	4	cl
5	4	so4
5	4	h2s
5	4	br
5	4	no3
5	4	po4
5	4	li
5	4	na
5	4	nh4
5	4	k
5	4	mg
5	4	ca
5	4	si
5	4	al_s
5	4	cr_s
5	4	mn_s
5	4	fe_s
5	4	ni_s
5	4	cu_s
5	4	zn_s
5	4	cd_s
5	4	ag_s
6	4	lat
6	4	long
6	4	trench
6	4	lat_proj
6	4	geol_prov
6	4	alt
6	4	temp
6	4	do
6	4	spc
6	4	ph
6	4	dic
6	4	dic_d13
6	4	doc
6	4	doc_d13
6	4	toc
6	4	toc_d13
6	4	tc
6	4	tc_d13
6	4	co2
6	4	h2
6	4	o2
6	4	ch4
6	4	co2_d13
6	4	rc_ra
6	4	co2_he3
6	4	cells_flu
6	4	low_pah
6	4	hi_pah
6	4	pah
6	4	ah
6	4	prot
6	4	cho
6	4	lip
6	4	cha
6	4	feo
6	4	cpe
6	4	al_ac
6	4	cr_ac
6	4	mn_ac
6	4	fe_ac
6	4	ni_ac
6	4	cu_ac
6	4	zn_ac
6	4	cd_ac
6	4	ag_ac
6	4	co_ac
6	4	f
6	4	cl
6	4	so4
6	4	h2s
6	4	br
6	4	no3
6	4	po4
6	4	li
6	4	na
6	4	nh4
6	4	k
6	4	mg
6	4	ca
6	4	si
6	4	al_s
6	4	cr_s
6	4	mn_s
6	4	fe_s
6	4	ni_s
6	4	cu_s
6	4	zn_s
6	4	cd_s
6	4	ag_s
7	4	lat
7	4	long
7	4	trench
7	4	lat_proj
7	4	geol_prov
7	4	alt
7	4	temp
7	4	do
7	4	spc
7	4	ph
7	4	dic
7	4	dic_d13
7	4	doc
7	4	doc_d13
7	4	toc
7	4	toc_d13
7	4	tc
7	4	tc_d13
7	4	co2
7	4	h2
7	4	o2
7	4	ch4
7	4	co2_d13
7	4	rc_ra
7	4	co2_he3
7	4	cells_flu
7	4	low_pah
7	4	hi_pah
7	4	pah
7	4	ah
7	4	prot
7	4	cho
7	4	lip
7	4	cha
7	4	feo
7	4	cpe
7	4	al_ac
7	4	cr_ac
7	4	mn_ac
7	4	fe_ac
7	4	ni_ac
7	4	cu_ac
7	4	zn_ac
7	4	cd_ac
7	4	ag_ac
7	4	co_ac
7	4	f
7	4	cl
7	4	so4
7	4	h2s
7	4	br
7	4	no3
7	4	po4
7	4	li
7	4	na
7	4	nh4
7	4	k
7	4	mg
7	4	ca
7	4	si
7	4	al_s
7	4	cr_s
7	4	mn_s
7	4	fe_s
7	4	ni_s
7	4	cu_s
7	4	zn_s
7	4	cd_s
7	4	ag_s
8	4	lat
8	4	long
8	4	trench
8	4	lat_proj
8	4	geol_prov
8	4	alt
8	4	temp
8	4	do
8	4	spc
8	4	ph
8	4	dic
8	4	dic_d13
8	4	doc
8	4	doc_d13
8	4	toc
8	4	toc_d13
8	4	tc
8	4	tc_d13
8	4	co2
8	4	h2
8	4	o2
8	4	ch4
8	4	co2_d13
8	4	rc_ra
8	4	co2_he3
8	4	cells_flu
8	4	low_pah
8	4	hi_pah
8	4	pah
8	4	ah
8	4	prot
8	4	cho
8	4	lip
8	4	cha
8	4	feo
8	4	cpe
8	4	al_ac
8	4	cr_ac
8	4	mn_ac
8	4	fe_ac
8	4	ni_ac
8	4	cu_ac
8	4	zn_ac
8	4	cd_ac
8	4	ag_ac
8	4	co_ac
8	4	f
8	4	cl
8	4	so4
8	4	h2s
8	4	br
8	4	no3
8	4	po4
8	4	li
8	4	na
8	4	nh4
8	4	k
8	4	mg
8	4	ca
8	4	si
8	4	al_s
8	4	cr_s
8	4	mn_s
8	4	fe_s
8	4	ni_s
8	4	cu_s
8	4	zn_s
8	4	cd_s
8	4	ag_s
9	5	lat
9	5	long
9	5	trench
9	5	lat_proj
9	5	geol_prov
9	5	alt
9	5	temp
9	5	do
9	5	spc
9	5	ph
9	5	dic
9	5	dic_d13
9	5	doc
9	5	doc_d13
9	5	toc
9	5	toc_d13
9	5	tc
9	5	tc_d13
9	5	co2
9	5	h2
9	5	o2
9	5	ch4
9	5	co2_d13
9	5	rc_ra
9	5	co2_he3
9	5	cells_flu
9	5	low_pah
9	5	hi_pah
9	5	pah
9	5	ah
9	5	prot
9	5	cho
9	5	lip
9	5	cha
9	5	feo
9	5	cpe
9	5	al_ac
9	5	cr_ac
9	5	mn_ac
9	5	fe_ac
9	5	ni_ac
9	5	cu_ac
9	5	zn_ac
9	5	cd_ac
9	5	ag_ac
9	5	co_ac
9	5	f
9	5	cl
9	5	so4
9	5	h2s
9	5	br
9	5	no3
9	5	po4
9	5	li
9	5	na
9	5	nh4
9	5	k
9	5	mg
9	5	ca
9	5	si
9	5	al_s
9	5	cr_s
9	5	mn_s
9	5	fe_s
9	5	ni_s
9	5	cu_s
9	5	zn_s
9	5	cd_s
9	5	ag_s
10	5	lat
10	5	long
10	5	trench
10	5	lat_proj
10	5	geol_prov
10	5	alt
10	5	temp
10	5	do
10	5	spc
10	5	ph
10	5	dic
10	5	dic_d13
10	5	doc
10	5	doc_d13
10	5	toc
10	5	toc_d13
10	5	tc
10	5	tc_d13
10	5	co2
10	5	h2
10	5	o2
10	5	ch4
10	5	co2_d13
10	5	rc_ra
10	5	co2_he3
10	5	cells_flu
10	5	low_pah
10	5	hi_pah
10	5	pah
10	5	ah
10	5	prot
10	5	cho
10	5	lip
10	5	cha
10	5	feo
10	5	cpe
10	5	al_ac
10	5	cr_ac
10	5	mn_ac
10	5	fe_ac
10	5	ni_ac
10	5	cu_ac
10	5	zn_ac
10	5	cd_ac
10	5	ag_ac
10	5	co_ac
10	5	f
10	5	cl
10	5	so4
10	5	h2s
10	5	br
10	5	no3
10	5	po4
10	5	li
10	5	na
10	5	nh4
10	5	k
10	5	mg
10	5	ca
10	5	si
10	5	al_s
10	5	cr_s
10	5	mn_s
10	5	fe_s
10	5	ni_s
10	5	cu_s
10	5	zn_s
10	5	cd_s
10	5	ag_s
11	4	lat
11	4	long
11	4	trench
11	4	lat_proj
11	4	geol_prov
11	4	alt
11	4	temp
11	4	do
11	4	spc
11	4	ph
11	4	dic
11	4	dic_d13
11	4	doc
11	4	doc_d13
11	4	toc
11	4	toc_d13
11	4	tc
11	4	tc_d13
11	4	co2
11	4	h2
11	4	o2
11	4	ch4
11	4	co2_d13
11	4	rc_ra
11	4	co2_he3
11	4	cells_flu
11	4	low_pah
11	4	hi_pah
11	4	pah
11	4	ah
11	4	prot
11	4	cho
11	4	lip
11	4	cha
11	4	feo
11	4	cpe
11	4	al_ac
11	4	cr_ac
11	4	mn_ac
11	4	fe_ac
11	4	ni_ac
11	4	cu_ac
11	4	zn_ac
11	4	cd_ac
11	4	ag_ac
11	4	co_ac
11	4	f
11	4	cl
11	4	so4
11	4	h2s
11	4	br
11	4	no3
11	4	po4
11	4	li
11	4	na
11	4	nh4
11	4	k
11	4	mg
11	4	ca
11	4	si
11	4	al_s
11	4	cr_s
11	4	mn_s
11	4	fe_s
11	4	ni_s
11	4	cu_s
11	4	zn_s
11	4	cd_s
11	4	ag_s
12	6	lat
12	6	long
12	6	trench
12	6	lat_proj
12	6	geol_prov
12	6	alt
12	6	temp
12	6	do
12	6	spc
12	6	ph
12	6	dic
12	6	dic_d13
12	6	doc
12	6	doc_d13
12	6	toc
12	6	toc_d13
12	6	tc
12	6	tc_d13
12	6	co2
12	6	h2
12	6	o2
12	6	ch4
12	6	co2_d13
12	6	rc_ra
12	6	co2_he3
12	6	cells_flu
12	6	low_pah
12	6	hi_pah
12	6	pah
12	6	ah
12	6	prot
12	6	cho
12	6	lip
12	6	cha
12	6	feo
12	6	cpe
12	6	al_ac
12	6	cr_ac
12	6	mn_ac
12	6	fe_ac
12	6	ni_ac
12	6	cu_ac
12	6	zn_ac
12	6	cd_ac
12	6	ag_ac
12	6	co_ac
12	6	f
12	6	cl
12	6	so4
12	6	h2s
12	6	br
12	6	no3
12	6	po4
12	6	li
12	6	na
12	6	nh4
12	6	k
12	6	mg
12	6	ca
12	6	si
12	6	al_s
12	6	cr_s
12	6	mn_s
12	6	fe_s
12	6	ni_s
12	6	cu_s
12	6	zn_s
12	6	cd_s
12	6	ag_s
13	7	lat
13	7	long
13	7	trench
13	7	lat_proj
13	7	geol_prov
13	7	alt
13	7	temp
13	7	do
13	7	spc
13	7	ph
13	7	dic
13	7	dic_d13
13	7	doc
13	7	doc_d13
13	7	toc
13	7	toc_d13
13	7	tc
13	7	tc_d13
13	7	co2
13	7	h2
13	7	o2
13	7	ch4
13	7	co2_d13
13	7	rc_ra
13	7	co2_he3
13	7	cells_flu
13	7	low_pah
13	7	hi_pah
13	7	pah
13	7	ah
13	7	prot
13	7	cho
13	7	lip
13	7	cha
13	7	feo
13	7	cpe
13	7	al_ac
13	7	cr_ac
13	7	mn_ac
13	7	fe_ac
13	7	ni_ac
13	7	cu_ac
13	7	zn_ac
13	7	cd_ac
13	7	ag_ac
13	7	co_ac
13	7	f
13	7	cl
13	7	so4
13	7	h2s
13	7	br
13	7	no3
13	7	po4
13	7	li
13	7	na
13	7	nh4
13	7	k
13	7	mg
13	7	ca
13	7	si
13	7	al_s
13	7	cr_s
13	7	mn_s
13	7	fe_s
13	7	ni_s
13	7	cu_s
13	7	zn_s
13	7	cd_s
13	7	ag_s
14	7	lat
14	7	long
14	7	trench
14	7	lat_proj
14	7	geol_prov
14	7	alt
14	7	temp
14	7	do
14	7	spc
14	7	ph
14	7	dic
14	7	dic_d13
14	7	doc
14	7	doc_d13
14	7	toc
14	7	toc_d13
14	7	tc
14	7	tc_d13
14	7	co2
14	7	h2
14	7	o2
14	7	ch4
14	7	co2_d13
14	7	rc_ra
14	7	co2_he3
14	7	cells_flu
14	7	low_pah
14	7	hi_pah
14	7	pah
14	7	ah
14	7	prot
14	7	cho
14	7	lip
14	7	cha
14	7	feo
14	7	cpe
14	7	al_ac
14	7	cr_ac
14	7	mn_ac
14	7	fe_ac
14	7	ni_ac
14	7	cu_ac
14	7	zn_ac
14	7	cd_ac
14	7	ag_ac
14	7	co_ac
14	7	f
14	7	cl
14	7	so4
14	7	h2s
14	7	br
14	7	no3
14	7	po4
14	7	li
14	7	na
14	7	nh4
14	7	k
14	7	mg
14	7	ca
14	7	si
14	7	al_s
14	7	cr_s
14	7	mn_s
14	7	fe_s
14	7	ni_s
14	7	cu_s
14	7	zn_s
14	7	cd_s
14	7	ag_s
15	7	lat
15	7	long
15	7	trench
15	7	lat_proj
15	7	geol_prov
15	7	alt
15	7	temp
15	7	do
15	7	spc
15	7	ph
15	7	dic
15	7	dic_d13
15	7	doc
15	7	doc_d13
15	7	toc
15	7	toc_d13
15	7	tc
15	7	tc_d13
15	7	co2
15	7	h2
15	7	o2
15	7	ch4
15	7	co2_d13
15	7	rc_ra
15	7	co2_he3
15	7	cells_flu
15	7	low_pah
15	7	hi_pah
15	7	pah
15	7	ah
15	7	prot
15	7	cho
15	7	lip
15	7	cha
15	7	feo
15	7	cpe
15	7	al_ac
15	7	cr_ac
15	7	mn_ac
15	7	fe_ac
15	7	ni_ac
15	7	cu_ac
15	7	zn_ac
15	7	cd_ac
15	7	ag_ac
15	7	co_ac
15	7	f
15	7	cl
15	7	so4
15	7	h2s
15	7	br
15	7	no3
15	7	po4
15	7	li
15	7	na
15	7	nh4
15	7	k
15	7	mg
15	7	ca
15	7	si
15	7	al_s
15	7	cr_s
15	7	mn_s
15	7	fe_s
15	7	ni_s
15	7	cu_s
15	7	zn_s
15	7	cd_s
15	7	ag_s
16	5	lat
16	5	long
16	5	trench
16	5	lat_proj
16	5	geol_prov
16	5	alt
16	5	temp
16	5	do
16	5	spc
16	5	ph
16	5	dic
16	5	dic_d13
16	5	doc
16	5	doc_d13
16	5	toc
16	5	toc_d13
16	5	tc
16	5	tc_d13
16	5	co2
16	5	h2
16	5	o2
16	5	ch4
16	5	co2_d13
16	5	rc_ra
16	5	co2_he3
16	5	cells_flu
16	5	low_pah
16	5	hi_pah
16	5	pah
16	5	ah
16	5	prot
16	5	cho
16	5	lip
16	5	cha
16	5	feo
16	5	cpe
16	5	al_ac
16	5	cr_ac
16	5	mn_ac
16	5	fe_ac
16	5	ni_ac
16	5	cu_ac
16	5	zn_ac
16	5	cd_ac
16	5	ag_ac
16	5	co_ac
16	5	f
16	5	cl
16	5	so4
16	5	h2s
16	5	br
16	5	no3
16	5	po4
16	5	li
16	5	na
16	5	nh4
16	5	k
16	5	mg
16	5	ca
16	5	si
16	5	al_s
16	5	cr_s
16	5	mn_s
16	5	fe_s
16	5	ni_s
16	5	cu_s
16	5	zn_s
16	5	cd_s
16	5	ag_s
17	6	lat
17	6	long
17	6	trench
17	6	lat_proj
17	6	geol_prov
17	6	alt
17	6	temp
17	6	do
17	6	spc
17	6	ph
17	6	dic
17	6	dic_d13
17	6	doc
17	6	doc_d13
17	6	toc
17	6	toc_d13
17	6	tc
17	6	tc_d13
17	6	co2
17	6	h2
17	6	o2
17	6	ch4
17	6	co2_d13
17	6	rc_ra
17	6	co2_he3
17	6	cells_flu
17	6	low_pah
17	6	hi_pah
17	6	pah
17	6	ah
17	6	prot
17	6	cho
17	6	lip
17	6	cha
17	6	feo
17	6	cpe
17	6	al_ac
17	6	cr_ac
17	6	mn_ac
17	6	fe_ac
17	6	ni_ac
17	6	cu_ac
17	6	zn_ac
17	6	cd_ac
17	6	ag_ac
17	6	co_ac
17	6	f
17	6	cl
17	6	so4
17	6	h2s
17	6	br
17	6	no3
17	6	po4
17	6	li
17	6	na
17	6	nh4
17	6	k
17	6	mg
17	6	ca
17	6	si
17	6	al_s
17	6	cr_s
17	6	mn_s
17	6	fe_s
17	6	ni_s
17	6	cu_s
17	6	zn_s
17	6	cd_s
17	6	ag_s
18	6	lat
18	6	long
18	6	trench
18	6	lat_proj
18	6	geol_prov
18	6	alt
18	6	temp
18	6	do
18	6	spc
18	6	ph
18	6	dic
18	6	dic_d13
18	6	doc
18	6	doc_d13
18	6	toc
18	6	toc_d13
18	6	tc
18	6	tc_d13
18	6	co2
18	6	h2
18	6	o2
18	6	ch4
18	6	co2_d13
18	6	rc_ra
18	6	co2_he3
18	6	cells_flu
18	6	low_pah
18	6	hi_pah
18	6	pah
18	6	ah
18	6	prot
18	6	cho
18	6	lip
18	6	cha
18	6	feo
18	6	cpe
18	6	al_ac
18	6	cr_ac
18	6	mn_ac
18	6	fe_ac
18	6	ni_ac
18	6	cu_ac
18	6	zn_ac
18	6	cd_ac
18	6	ag_ac
18	6	co_ac
18	6	f
18	6	cl
18	6	so4
18	6	h2s
18	6	br
18	6	no3
18	6	po4
18	6	li
18	6	na
18	6	nh4
18	6	k
18	6	mg
18	6	ca
18	6	si
18	6	al_s
18	6	cr_s
18	6	mn_s
18	6	fe_s
18	6	ni_s
18	6	cu_s
18	6	zn_s
18	6	cd_s
18	6	ag_s
19	6	lat
19	6	long
19	6	trench
19	6	lat_proj
19	6	geol_prov
19	6	alt
19	6	temp
19	6	do
19	6	spc
19	6	ph
19	6	dic
19	6	dic_d13
19	6	doc
19	6	doc_d13
19	6	toc
19	6	toc_d13
19	6	tc
19	6	tc_d13
19	6	co2
19	6	h2
19	6	o2
19	6	ch4
19	6	co2_d13
19	6	rc_ra
19	6	co2_he3
19	6	cells_flu
19	6	low_pah
19	6	hi_pah
19	6	pah
19	6	ah
19	6	prot
19	6	cho
19	6	lip
19	6	cha
19	6	feo
19	6	cpe
19	6	al_ac
19	6	cr_ac
19	6	mn_ac
19	6	fe_ac
19	6	ni_ac
19	6	cu_ac
19	6	zn_ac
19	6	cd_ac
19	6	ag_ac
19	6	co_ac
19	6	f
19	6	cl
19	6	so4
19	6	h2s
19	6	br
19	6	no3
19	6	po4
19	6	li
19	6	na
19	6	nh4
19	6	k
19	6	mg
19	6	ca
19	6	si
19	6	al_s
19	6	cr_s
19	6	mn_s
19	6	fe_s
19	6	ni_s
19	6	cu_s
19	6	zn_s
19	6	cd_s
19	6	ag_s
20	6	lat
20	6	long
20	6	trench
20	6	lat_proj
20	6	geol_prov
20	6	alt
20	6	temp
20	6	do
20	6	spc
20	6	ph
20	6	dic
20	6	dic_d13
20	6	doc
20	6	doc_d13
20	6	toc
20	6	toc_d13
20	6	tc
20	6	tc_d13
20	6	co2
20	6	h2
20	6	o2
20	6	ch4
20	6	co2_d13
20	6	rc_ra
20	6	co2_he3
20	6	cells_flu
20	6	low_pah
20	6	hi_pah
20	6	pah
20	6	ah
20	6	prot
20	6	cho
20	6	lip
20	6	cha
20	6	feo
20	6	cpe
20	6	al_ac
20	6	cr_ac
20	6	mn_ac
20	6	fe_ac
20	6	ni_ac
20	6	cu_ac
20	6	zn_ac
20	6	cd_ac
20	6	ag_ac
20	6	co_ac
20	6	f
20	6	cl
20	6	so4
20	6	h2s
20	6	br
20	6	no3
20	6	po4
20	6	li
20	6	na
20	6	nh4
20	6	k
20	6	mg
20	6	ca
20	6	si
20	6	al_s
20	6	cr_s
20	6	mn_s
20	6	fe_s
20	6	ni_s
20	6	cu_s
20	6	zn_s
20	6	cd_s
20	6	ag_s
21	5	lat
21	5	long
21	5	trench
21	5	lat_proj
21	5	geol_prov
21	5	alt
21	5	temp
21	5	do
21	5	spc
21	5	ph
21	5	dic
21	5	dic_d13
21	5	doc
21	5	doc_d13
21	5	toc
21	5	toc_d13
21	5	tc
21	5	tc_d13
21	5	co2
21	5	h2
21	5	o2
21	5	ch4
21	5	co2_d13
21	5	rc_ra
21	5	co2_he3
21	5	cells_flu
21	5	low_pah
21	5	hi_pah
21	5	pah
21	5	ah
21	5	prot
21	5	cho
21	5	lip
21	5	cha
21	5	feo
21	5	cpe
21	5	al_ac
21	5	cr_ac
21	5	mn_ac
21	5	fe_ac
21	5	ni_ac
21	5	cu_ac
21	5	zn_ac
21	5	cd_ac
21	5	ag_ac
21	5	co_ac
21	5	f
21	5	cl
21	5	so4
21	5	h2s
21	5	br
21	5	no3
21	5	po4
21	5	li
21	5	na
21	5	nh4
21	5	k
21	5	mg
21	5	ca
21	5	si
21	5	al_s
21	5	cr_s
21	5	mn_s
21	5	fe_s
21	5	ni_s
21	5	cu_s
21	5	zn_s
21	5	cd_s
21	5	ag_s
22	6	lat
22	6	long
22	6	trench
22	6	lat_proj
22	6	geol_prov
22	6	alt
22	6	temp
22	6	do
22	6	spc
22	6	ph
22	6	dic
22	6	dic_d13
22	6	doc
22	6	doc_d13
22	6	toc
22	6	toc_d13
22	6	tc
22	6	tc_d13
22	6	co2
22	6	h2
22	6	o2
22	6	ch4
22	6	co2_d13
22	6	rc_ra
22	6	co2_he3
22	6	cells_flu
22	6	low_pah
22	6	hi_pah
22	6	pah
22	6	ah
22	6	prot
22	6	cho
22	6	lip
22	6	cha
22	6	feo
22	6	cpe
22	6	al_ac
22	6	cr_ac
22	6	mn_ac
22	6	fe_ac
22	6	ni_ac
22	6	cu_ac
22	6	zn_ac
22	6	cd_ac
22	6	ag_ac
22	6	co_ac
22	6	f
22	6	cl
22	6	so4
22	6	h2s
22	6	br
22	6	no3
22	6	po4
22	6	li
22	6	na
22	6	nh4
22	6	k
22	6	mg
22	6	ca
22	6	si
22	6	al_s
22	6	cr_s
22	6	mn_s
22	6	fe_s
22	6	ni_s
22	6	cu_s
22	6	zn_s
22	6	cd_s
22	6	ag_s
23	7	lat
23	7	long
23	7	trench
23	7	lat_proj
23	7	geol_prov
23	7	alt
23	7	temp
23	7	do
23	7	spc
23	7	ph
23	7	dic
23	7	dic_d13
23	7	doc
23	7	doc_d13
23	7	toc
23	7	toc_d13
23	7	tc
23	7	tc_d13
23	7	co2
23	7	h2
23	7	o2
23	7	ch4
23	7	co2_d13
23	7	rc_ra
23	7	co2_he3
23	7	cells_flu
23	7	low_pah
23	7	hi_pah
23	7	pah
23	7	ah
23	7	prot
23	7	cho
23	7	lip
23	7	cha
23	7	feo
23	7	cpe
23	7	al_ac
23	7	cr_ac
23	7	mn_ac
23	7	fe_ac
23	7	ni_ac
23	7	cu_ac
23	7	zn_ac
23	7	cd_ac
23	7	ag_ac
23	7	co_ac
23	7	f
23	7	cl
23	7	so4
23	7	h2s
23	7	br
23	7	no3
23	7	po4
23	7	li
23	7	na
23	7	nh4
23	7	k
23	7	mg
23	7	ca
23	7	si
23	7	al_s
23	7	cr_s
23	7	mn_s
23	7	fe_s
23	7	ni_s
23	7	cu_s
23	7	zn_s
23	7	cd_s
23	7	ag_s
24	7	lat
24	7	long
24	7	trench
24	7	lat_proj
24	7	geol_prov
24	7	alt
24	7	temp
24	7	do
24	7	spc
24	7	ph
24	7	dic
24	7	dic_d13
24	7	doc
24	7	doc_d13
24	7	toc
24	7	toc_d13
24	7	tc
24	7	tc_d13
24	7	co2
24	7	h2
24	7	o2
24	7	ch4
24	7	co2_d13
24	7	rc_ra
24	7	co2_he3
24	7	cells_flu
24	7	low_pah
24	7	hi_pah
24	7	pah
24	7	ah
24	7	prot
24	7	cho
24	7	lip
24	7	cha
24	7	feo
24	7	cpe
24	7	al_ac
24	7	cr_ac
24	7	mn_ac
24	7	fe_ac
24	7	ni_ac
24	7	cu_ac
24	7	zn_ac
24	7	cd_ac
24	7	ag_ac
24	7	co_ac
24	7	f
24	7	cl
24	7	so4
24	7	h2s
24	7	br
24	7	no3
24	7	po4
24	7	li
24	7	na
24	7	nh4
24	7	k
24	7	mg
24	7	ca
24	7	si
24	7	al_s
24	7	cr_s
24	7	mn_s
24	7	fe_s
24	7	ni_s
24	7	cu_s
24	7	zn_s
24	7	cd_s
24	7	ag_s
25	7	lat
25	7	long
25	7	trench
25	7	lat_proj
25	7	geol_prov
25	7	alt
25	7	temp
25	7	do
25	7	spc
25	7	ph
25	7	dic
25	7	dic_d13
25	7	doc
25	7	doc_d13
25	7	toc
25	7	toc_d13
25	7	tc
25	7	tc_d13
25	7	co2
25	7	h2
25	7	o2
25	7	ch4
25	7	co2_d13
25	7	rc_ra
25	7	co2_he3
25	7	cells_flu
25	7	low_pah
25	7	hi_pah
25	7	pah
25	7	ah
25	7	prot
25	7	cho
25	7	lip
25	7	cha
25	7	feo
25	7	cpe
25	7	al_ac
25	7	cr_ac
25	7	mn_ac
25	7	fe_ac
25	7	ni_ac
25	7	cu_ac
25	7	zn_ac
25	7	cd_ac
25	7	ag_ac
25	7	co_ac
25	7	f
25	7	cl
25	7	so4
25	7	h2s
25	7	br
25	7	no3
25	7	po4
25	7	li
25	7	na
25	7	nh4
25	7	k
25	7	mg
25	7	ca
25	7	si
25	7	al_s
25	7	cr_s
25	7	mn_s
25	7	fe_s
25	7	ni_s
25	7	cu_s
25	7	zn_s
25	7	cd_s
25	7	ag_s
26	7	lat
26	7	long
26	7	trench
26	7	lat_proj
26	7	geol_prov
26	7	alt
26	7	temp
26	7	do
26	7	spc
26	7	ph
26	7	dic
26	7	dic_d13
26	7	doc
26	7	doc_d13
26	7	toc
26	7	toc_d13
26	7	tc
26	7	tc_d13
26	7	co2
26	7	h2
26	7	o2
26	7	ch4
26	7	co2_d13
26	7	rc_ra
26	7	co2_he3
26	7	cells_flu
26	7	low_pah
26	7	hi_pah
26	7	pah
26	7	ah
26	7	prot
26	7	cho
26	7	lip
26	7	cha
26	7	feo
26	7	cpe
26	7	al_ac
26	7	cr_ac
26	7	mn_ac
26	7	fe_ac
26	7	ni_ac
26	7	cu_ac
26	7	zn_ac
26	7	cd_ac
26	7	ag_ac
26	7	co_ac
26	7	f
26	7	cl
26	7	so4
26	7	h2s
26	7	br
26	7	no3
26	7	po4
26	7	li
26	7	na
26	7	nh4
26	7	k
26	7	mg
26	7	ca
26	7	si
26	7	al_s
26	7	cr_s
26	7	mn_s
26	7	fe_s
26	7	ni_s
26	7	cu_s
26	7	zn_s
26	7	cd_s
26	7	ag_s
27	9	lat
27	9	long
27	9	trench
27	9	lat_proj
27	9	geol_prov
27	9	alt
27	9	temp
27	9	do
27	9	spc
27	9	ph
27	9	dic
27	9	dic_d13
27	9	doc
27	9	doc_d13
27	9	toc
27	9	toc_d13
27	9	tc
27	9	tc_d13
27	9	co2
27	9	h2
27	9	o2
27	9	ch4
27	9	co2_d13
27	9	rc_ra
27	9	co2_he3
27	9	cells_flu
27	9	low_pah
27	9	hi_pah
27	9	pah
27	9	ah
27	9	prot
27	9	cho
27	9	lip
27	9	cha
27	9	feo
27	9	cpe
27	9	al_ac
27	9	cr_ac
27	9	mn_ac
27	9	fe_ac
27	9	ni_ac
27	9	cu_ac
27	9	zn_ac
27	9	cd_ac
27	9	ag_ac
27	9	co_ac
27	9	f
27	9	cl
27	9	so4
27	9	h2s
27	9	br
27	9	no3
27	9	po4
27	9	li
27	9	na
27	9	nh4
27	9	k
27	9	mg
27	9	ca
27	9	si
27	9	al_s
27	9	cr_s
27	9	mn_s
27	9	fe_s
27	9	ni_s
27	9	cu_s
27	9	zn_s
27	9	cd_s
27	9	ag_s
28	6	lat
28	6	long
28	6	trench
28	6	lat_proj
28	6	geol_prov
28	6	alt
28	6	temp
28	6	do
28	6	spc
28	6	ph
28	6	dic
28	6	dic_d13
28	6	doc
28	6	doc_d13
28	6	toc
28	6	toc_d13
28	6	tc
28	6	tc_d13
28	6	co2
28	6	h2
28	6	o2
28	6	ch4
28	6	co2_d13
28	6	rc_ra
28	6	co2_he3
28	6	cells_flu
28	6	low_pah
28	6	hi_pah
28	6	pah
28	6	ah
28	6	prot
28	6	cho
28	6	lip
28	6	cha
28	6	feo
28	6	cpe
28	6	al_ac
28	6	cr_ac
28	6	mn_ac
28	6	fe_ac
28	6	ni_ac
28	6	cu_ac
28	6	zn_ac
28	6	cd_ac
28	6	ag_ac
28	6	co_ac
28	6	f
28	6	cl
28	6	so4
28	6	h2s
28	6	br
28	6	no3
28	6	po4
28	6	li
28	6	na
28	6	nh4
28	6	k
28	6	mg
28	6	ca
28	6	si
28	6	al_s
28	6	cr_s
28	6	mn_s
28	6	fe_s
28	6	ni_s
28	6	cu_s
28	6	zn_s
28	6	cd_s
28	6	ag_s
29	8	lat
29	8	long
29	8	trench
29	8	lat_proj
29	8	geol_prov
29	8	alt
29	8	temp
29	8	do
29	8	spc
29	8	ph
29	8	dic
29	8	dic_d13
29	8	doc
29	8	doc_d13
29	8	toc
29	8	toc_d13
29	8	tc
29	8	tc_d13
29	8	co2
29	8	h2
29	8	o2
29	8	ch4
29	8	co2_d13
29	8	rc_ra
29	8	co2_he3
29	8	cells_flu
29	8	low_pah
29	8	hi_pah
29	8	pah
29	8	ah
29	8	prot
29	8	cho
29	8	lip
29	8	cha
29	8	feo
29	8	cpe
29	8	al_ac
29	8	cr_ac
29	8	mn_ac
29	8	fe_ac
29	8	ni_ac
29	8	cu_ac
29	8	zn_ac
29	8	cd_ac
29	8	ag_ac
29	8	co_ac
29	8	f
29	8	cl
29	8	so4
29	8	h2s
29	8	br
29	8	no3
29	8	po4
29	8	li
29	8	na
29	8	nh4
29	8	k
29	8	mg
29	8	ca
29	8	si
29	8	al_s
29	8	cr_s
29	8	mn_s
29	8	fe_s
29	8	ni_s
29	8	cu_s
29	8	zn_s
29	8	cd_s
29	8	ag_s
30	8	lat
30	8	long
30	8	trench
30	8	lat_proj
30	8	geol_prov
30	8	alt
30	8	temp
30	8	do
30	8	spc
30	8	ph
30	8	dic
30	8	dic_d13
30	8	doc
30	8	doc_d13
30	8	toc
30	8	toc_d13
30	8	tc
30	8	tc_d13
30	8	co2
30	8	h2
30	8	o2
30	8	ch4
30	8	co2_d13
30	8	rc_ra
30	8	co2_he3
30	8	cells_flu
30	8	low_pah
30	8	hi_pah
30	8	pah
30	8	ah
30	8	prot
30	8	cho
30	8	lip
30	8	cha
30	8	feo
30	8	cpe
30	8	al_ac
30	8	cr_ac
30	8	mn_ac
30	8	fe_ac
30	8	ni_ac
30	8	cu_ac
30	8	zn_ac
30	8	cd_ac
30	8	ag_ac
30	8	co_ac
30	8	f
30	8	cl
30	8	so4
30	8	h2s
30	8	br
30	8	no3
30	8	po4
30	8	li
30	8	na
30	8	nh4
30	8	k
30	8	mg
30	8	ca
30	8	si
30	8	al_s
30	8	cr_s
30	8	mn_s
30	8	fe_s
30	8	ni_s
30	8	cu_s
30	8	zn_s
30	8	cd_s
30	8	ag_s
31	9	lat
31	9	long
31	9	trench
31	9	lat_proj
31	9	geol_prov
31	9	alt
31	9	temp
31	9	do
31	9	spc
31	9	ph
31	9	dic
31	9	dic_d13
31	9	doc
31	9	doc_d13
31	9	toc
31	9	toc_d13
31	9	tc
31	9	tc_d13
31	9	co2
31	9	h2
31	9	o2
31	9	ch4
31	9	co2_d13
31	9	rc_ra
31	9	co2_he3
31	9	cells_flu
31	9	low_pah
31	9	hi_pah
31	9	pah
31	9	ah
31	9	prot
31	9	cho
31	9	lip
31	9	cha
31	9	feo
31	9	cpe
31	9	al_ac
31	9	cr_ac
31	9	mn_ac
31	9	fe_ac
31	9	ni_ac
31	9	cu_ac
31	9	zn_ac
31	9	cd_ac
31	9	ag_ac
31	9	co_ac
31	9	f
31	9	cl
31	9	so4
31	9	h2s
31	9	br
31	9	no3
31	9	po4
31	9	li
31	9	na
31	9	nh4
31	9	k
31	9	mg
31	9	ca
31	9	si
31	9	al_s
31	9	cr_s
31	9	mn_s
31	9	fe_s
31	9	ni_s
31	9	cu_s
31	9	zn_s
31	9	cd_s
31	9	ag_s
32	9	lat
32	9	long
32	9	trench
32	9	lat_proj
32	9	geol_prov
32	9	alt
32	9	temp
32	9	do
32	9	spc
32	9	ph
32	9	dic
32	9	dic_d13
32	9	doc
32	9	doc_d13
32	9	toc
32	9	toc_d13
32	9	tc
32	9	tc_d13
32	9	co2
32	9	h2
32	9	o2
32	9	ch4
32	9	co2_d13
32	9	rc_ra
32	9	co2_he3
32	9	cells_flu
32	9	low_pah
32	9	hi_pah
32	9	pah
32	9	ah
32	9	prot
32	9	cho
32	9	lip
32	9	cha
32	9	feo
32	9	cpe
32	9	al_ac
32	9	cr_ac
32	9	mn_ac
32	9	fe_ac
32	9	ni_ac
32	9	cu_ac
32	9	zn_ac
32	9	cd_ac
32	9	ag_ac
32	9	co_ac
32	9	f
32	9	cl
32	9	so4
32	9	h2s
32	9	br
32	9	no3
32	9	po4
32	9	li
32	9	na
32	9	nh4
32	9	k
32	9	mg
32	9	ca
32	9	si
32	9	al_s
32	9	cr_s
32	9	mn_s
32	9	fe_s
32	9	ni_s
32	9	cu_s
32	9	zn_s
32	9	cd_s
32	9	ag_s
33	10	lat
33	10	long
33	10	trench
33	10	lat_proj
33	10	geol_prov
33	10	alt
33	10	temp
33	10	do
33	10	spc
33	10	ph
33	10	dic
33	10	dic_d13
33	10	doc
33	10	doc_d13
33	10	toc
33	10	toc_d13
33	10	tc
33	10	tc_d13
33	10	co2
33	10	h2
33	10	o2
33	10	ch4
33	10	co2_d13
33	10	rc_ra
33	10	co2_he3
33	10	cells_flu
33	10	low_pah
33	10	hi_pah
33	10	pah
33	10	ah
33	10	prot
33	10	cho
33	10	lip
33	10	cha
33	10	feo
33	10	cpe
33	10	al_ac
33	10	cr_ac
33	10	mn_ac
33	10	fe_ac
33	10	ni_ac
33	10	cu_ac
33	10	zn_ac
33	10	cd_ac
33	10	ag_ac
33	10	co_ac
33	10	f
33	10	cl
33	10	so4
33	10	h2s
33	10	br
33	10	no3
33	10	po4
33	10	li
33	10	na
33	10	nh4
33	10	k
33	10	mg
33	10	ca
33	10	si
33	10	al_s
33	10	cr_s
33	10	mn_s
33	10	fe_s
33	10	ni_s
33	10	cu_s
33	10	zn_s
33	10	cd_s
33	10	ag_s
34	10	lat
34	10	long
34	10	trench
34	10	lat_proj
34	10	geol_prov
34	10	alt
34	10	temp
34	10	do
34	10	spc
34	10	ph
34	10	dic
34	10	dic_d13
34	10	doc
34	10	doc_d13
34	10	toc
34	10	toc_d13
34	10	tc
34	10	tc_d13
34	10	co2
34	10	h2
34	10	o2
34	10	ch4
34	10	co2_d13
34	10	rc_ra
34	10	co2_he3
34	10	cells_flu
34	10	low_pah
34	10	hi_pah
34	10	pah
34	10	ah
34	10	prot
34	10	cho
34	10	lip
34	10	cha
34	10	feo
34	10	cpe
34	10	al_ac
34	10	cr_ac
34	10	mn_ac
34	10	fe_ac
34	10	ni_ac
34	10	cu_ac
34	10	zn_ac
34	10	cd_ac
34	10	ag_ac
34	10	co_ac
34	10	f
34	10	cl
34	10	so4
34	10	h2s
34	10	br
34	10	no3
34	10	po4
34	10	li
34	10	na
34	10	nh4
34	10	k
34	10	mg
34	10	ca
34	10	si
34	10	al_s
34	10	cr_s
34	10	mn_s
34	10	fe_s
34	10	ni_s
34	10	cu_s
34	10	zn_s
34	10	cd_s
34	10	ag_s
35	10	lat
35	10	long
35	10	trench
35	10	lat_proj
35	10	geol_prov
35	10	alt
35	10	temp
35	10	do
35	10	spc
35	10	ph
35	10	dic
35	10	dic_d13
35	10	doc
35	10	doc_d13
35	10	toc
35	10	toc_d13
35	10	tc
35	10	tc_d13
35	10	co2
35	10	h2
35	10	o2
35	10	ch4
35	10	co2_d13
35	10	rc_ra
35	10	co2_he3
35	10	cells_flu
35	10	low_pah
35	10	hi_pah
35	10	pah
35	10	ah
35	10	prot
35	10	cho
35	10	lip
35	10	cha
35	10	feo
35	10	cpe
35	10	al_ac
35	10	cr_ac
35	10	mn_ac
35	10	fe_ac
35	10	ni_ac
35	10	cu_ac
35	10	zn_ac
35	10	cd_ac
35	10	ag_ac
35	10	co_ac
35	10	f
35	10	cl
35	10	so4
35	10	h2s
35	10	br
35	10	no3
35	10	po4
35	10	li
35	10	na
35	10	nh4
35	10	k
35	10	mg
35	10	ca
35	10	si
35	10	al_s
35	10	cr_s
35	10	mn_s
35	10	fe_s
35	10	ni_s
35	10	cu_s
35	10	zn_s
35	10	cd_s
35	10	ag_s
36	10	lat
36	10	long
36	10	trench
36	10	lat_proj
36	10	geol_prov
36	10	alt
36	10	temp
36	10	do
36	10	spc
36	10	ph
36	10	dic
36	10	dic_d13
36	10	doc
36	10	doc_d13
36	10	toc
36	10	toc_d13
36	10	tc
36	10	tc_d13
36	10	co2
36	10	h2
36	10	o2
36	10	ch4
36	10	co2_d13
36	10	rc_ra
36	10	co2_he3
36	10	cells_flu
36	10	low_pah
36	10	hi_pah
36	10	pah
36	10	ah
36	10	prot
36	10	cho
36	10	lip
36	10	cha
36	10	feo
36	10	cpe
36	10	al_ac
36	10	cr_ac
36	10	mn_ac
36	10	fe_ac
36	10	ni_ac
36	10	cu_ac
36	10	zn_ac
36	10	cd_ac
36	10	ag_ac
36	10	co_ac
36	10	f
36	10	cl
36	10	so4
36	10	h2s
36	10	br
36	10	no3
36	10	po4
36	10	li
36	10	na
36	10	nh4
36	10	k
36	10	mg
36	10	ca
36	10	si
36	10	al_s
36	10	cr_s
36	10	mn_s
36	10	fe_s
36	10	ni_s
36	10	cu_s
36	10	zn_s
36	10	cd_s
36	10	ag_s
37	10	lat
37	10	long
37	10	trench
37	10	lat_proj
37	10	geol_prov
37	10	alt
37	10	temp
37	10	do
37	10	spc
37	10	ph
37	10	dic
37	10	dic_d13
37	10	doc
37	10	doc_d13
37	10	toc
37	10	toc_d13
37	10	tc
37	10	tc_d13
37	10	co2
37	10	h2
37	10	o2
37	10	ch4
37	10	co2_d13
37	10	rc_ra
37	10	co2_he3
37	10	cells_flu
37	10	low_pah
37	10	hi_pah
37	10	pah
37	10	ah
37	10	prot
37	10	cho
37	10	lip
37	10	cha
37	10	feo
37	10	cpe
37	10	al_ac
37	10	cr_ac
37	10	mn_ac
37	10	fe_ac
37	10	ni_ac
37	10	cu_ac
37	10	zn_ac
37	10	cd_ac
37	10	ag_ac
37	10	co_ac
37	10	f
37	10	cl
37	10	so4
37	10	h2s
37	10	br
37	10	no3
37	10	po4
37	10	li
37	10	na
37	10	nh4
37	10	k
37	10	mg
37	10	ca
37	10	si
37	10	al_s
37	10	cr_s
37	10	mn_s
37	10	fe_s
37	10	ni_s
37	10	cu_s
37	10	zn_s
37	10	cd_s
37	10	ag_s
