NMDS1	NMDS2	sample
-0.190916877330109	0.0840154155643623	BRF1
-0.177568184684062	-0.0613062241379508	BRF2
-0.47305509007031	0.0151470443057946	BRS1
-0.361411253667098	0.119233218049794	BRS2
-0.271528133732641	0.0270978048714812	CYF
-0.100649074184808	0.131976609021903	CYS
0.224769053115673	0.100956683729408	EPF
0.320959975430992	0.191121073033003	EPS
0.224863250027134	0.196553766518043	ESF9
0.0224952042878425	-0.101076368406136	ETF
0.0907546661411117	0.0294613437337591	ETS
-0.259354156659888	-0.0341760382061979	FAF
-0.409203816454235	-0.0734836837534876	FAS
-0.200328690177834	0.0275612610149693	MTF
0.215657356528151	-0.174479158779673	PFF
0.325138293013217	-0.194862674203185	PFS
0.204401556726039	-0.418053229449693	PGF
0.20860543436482	-0.516018777622516	PGS
-0.0794035207717984	-0.221701307551162	PLS
0.216126206736447	0.454461360323164	QHF2
-0.0506480922240934	0.537871255657812	QHS1
0.324269938102262	0.36636459646122	QHS2
0.117745926336945	-0.160868137123692	QNF
0.332384216056507	-0.150180242239839	QNS
0.375119230341615	0.123970663181734	RSS
0.373376541466668	0.260729743924144	SIS
-0.131347837336647	0.0496315876031465	SLF
-0.385736508684746	-0.0384263881958129	SLS
0.32401177344294	-0.335997561323335	STS
-0.105612274301789	-0.108796858135868	TCF
-0.266747718379155	-0.238338083287643	TCS
-0.437167393459151	0.111611305422451	VCS
